{"cameraMode":{"drawMode":0,"name":"Shaded","section":"Shading Mode"},"sceneLighting":true,"audioPlay":false,"sceneViewState":{"m_AlwaysRefresh":false,"showFog":true,"showSkybox":true,"showFlares":true,"showImageEffects":true,"showParticleSystems":true,"showVisualEffectGraphs":true,"m_FxEnabled":true},"in2DMode":false,"pivot":{"x":1278.385009765625,"y":53.917869567871097,"z":-15.590728759765625},"rotation":{"x":0.0059997015632689,"y":-0.010499694384634495,"z":0.0000628857669653371,"w":0.9999288320541382},"size":518.4201049804688,"orthographic":true}